url,tweet,emoji,timestamp,reactions,is_retweeted,is_quoted,is_liked,is_bookmarked
https://www.twitter.com/siobhanfreya/status/1604162448281731072,"Not a snippy question about Irish international campaigns.
Croatia and IRL similar population 
Croatia coming out of a genocidal war been in finals of #FIFAWorldCup everytime since 1998. Ireland,  nothing since 2002
Reason? No grassroots development? Answers?",[],2022-12-17T17:11:46.000Z,"['113', '2']",0,0,1,0
https://www.twitter.com/goldendust17/status/1604158402355400705,"This loss is for the Moroccan people and all the Arabic people around the world. 

#CROMAR
#FIFAWorldCup",[],2022-12-17T16:55:41.000Z,"['271', '1', '4']",1,0,1,0
https://www.twitter.com/coolasleicester/status/1604537574218813440,"Love how my mum rang me after the penalties to say â€œFrance to need to get rid of that goalkeeper. Letting in all those penalties. Heâ€™s bloody crap.â€ 

#spursy #WorldCup #WorldCupFinal #hugolloris",[],2022-12-18T18:02:23.000Z,"['2,090', '9']",0,0,1,0
https://www.twitter.com/coolasleicester/status/1604518038497361920,"Bloody football, eh. #worldcupfinal",[],2022-12-18T16:44:45.000Z,"['1,424', '6']",0,0,1,0
https://www.twitter.com/orient1881/status/1604548976321396737,"Lionel Messi is the best ever, letâ€™s not take that away, but why have they dressed him in a robe youâ€™d want your missus to wear on your birthday?! #FIFAWorldCup",[],2022-12-18T18:47:41.000Z,"['1,574', '4']",0,0,1,0
https://www.twitter.com/losriley/status/1604777887965450241,"Absolute poetry from Peter Drury.
(On the World feed.)  #ArgentinaVsFrance
#FIFAWorldCup
#Messi","['https://abs-0.twimg.com/emoji/v2/svg/1f3c6.svg', 'https://abs-0.twimg.com/emoji/v2/svg/1f1e6-1f1f7.svg']",2022-12-18T23:19:44.000Z,"['1,536', '10', '2']",0,0,1,0
https://www.twitter.com/allontheboard/status/1604543806371676162,"Todayâ€™s Temperatures
(100% accurate, 34% of the time)

â€˜All On The Board Your Daily Companionâ€™ is out in all good book shops. Get yours here: http://amzn.to/3CjJO4z
#allontheboard #fifaworldcup #qatar2022 @KMbappe @billieeilish #ArgentinaVsFrance #WorldCupFinal #Mbappe #Messi",[],2022-12-18T18:27:09.000Z,"['17.8K', '23', '1', '125', '1']",0,1,1,1
https://www.twitter.com/chrishaji10/status/1604549297697169408,The best World Cup Final ever and congratulations to Argentina and Lionel Messi for winning the World Cup. Diego would have been proud! #FIFAWorldCup #ArgentinaVsFrance #WorldCupFinal #WorldCup #ARGFRA #Messið“ƒµ,[],2022-12-18T18:48:58.000Z,"['439', '1', '4']",1,0,1,0
https://www.twitter.com/Chris191910/status/1604537232458743811,"I wasnâ€™t bothered who won really, but if Bielsa is happy, thatâ€™ll do for me. #lufc #FIFAWorldCup",[],2022-12-18T18:01:01.000Z,"['1,253', '23']",0,0,1,0
https://www.twitter.com/JNotsolikely/status/1604537528727601157,#WorldCupFinal Lots of homoerotic kissing and cuddling going on in a country where being gay is illegal. #franceargentine,[],2022-12-18T18:02:12.000Z,"['398', '8']",0,0,1,0
https://www.twitter.com/Michelle_Kazi/status/1604536308269039624,"WHAT A GAME! BEST FINAL EVER!

Probably the most intense game Iâ€™ve ever seen! Commiserations to France - penaltiesâ€¦ 

Alas, the stars were aligned for Messi - legendary player, incredible captain! Well deserved victory to Argentina!

#FIFAWorldCup #ARGFRA #WorldCupFinal","['https://abs-0.twimg.com/emoji/v2/svg/1f625.svg', 'https://abs-0.twimg.com/emoji/v2/svg/1f625.svg', 'https://abs-0.twimg.com/emoji/v2/svg/1f625.svg']",2022-12-18T17:57:21.000Z,"['4,501', '9', '63']",0,0,1,0
https://www.twitter.com/555Husker/status/1604538148825858048,Almost as a good a final as Cardiff in Bilbao. #WorldCupFinal,[],2022-12-18T18:04:40.000Z,"['370', '12']",0,0,1,0
https://www.twitter.com/DrShahTarfarosh/status/1604541994985918464,"Messi was diagnosed with growth hormone deficiency when he was young. Today he stands tall in the football world. 

Moral: Focus on your goals not your weaknesses! #WorldCupFinal #ARGFRA #Messi #Mbappe #WorldCup #FIFAWorldCupFinal",[],2022-12-18T18:19:57.000Z,"['2,471', '7', '41']",0,0,1,0
https://www.twitter.com/marijeangordon/status/1604148170241490947,"Anyone who says the play-off doesn't matter isn't watching #CROMAR right now. 

(Yes, yes it was me )
#FIFAWorldCup","['https://abs-0.twimg.com/emoji/v2/svg/1f525.svg', 'https://abs-0.twimg.com/emoji/v2/svg/1f644.svg']",2022-12-17T16:15:02.000Z,['261'],0,0,0,0
https://www.twitter.com/OkMatar/status/1604537949701414913,"A #WorldCupFinal that will live long in the memoryâ€¦ thank you #Argentina #LesBleus 

Congratulations to both teams 
#Messið“ƒµ #Mbappe #ArgentinaVsFrance #WorldCup","['https://abs-0.twimg.com/emoji/v2/svg/1f64f.svg', 'https://abs-0.twimg.com/emoji/v2/svg/1f44f.svg', 'https://abs-0.twimg.com/emoji/v2/svg/1f64c.svg']",2022-12-18T17:55:16.000Z,"['1,538', '2', '10']",0,0,1,0
https://www.twitter.com/trinijayjay/status/1604106857529765889,#FIFAWorldCup #FIFASUCKS FIFA disbanded human rights board and did not replace it with independent advisers,[],2022-12-17T13:30:52.000Z,['57'],0,0,0,0
https://www.twitter.com/F1Dweeb/status/1604158562145832961,"Congratulations bronze medal for #cro
#FIFAWorldCup 

Enjoyable match #CROMAR
#Qatar2022",['https://abs.twimg.com/hashflags/Foris_Limited_Cryptocom_23/Foris_Limited_Cryptocom_23.png'],2022-12-17T16:56:19.000Z,"['209', '1']",0,0,0,0
https://www.twitter.com/iAmRadioAnt/status/1604539764786761729,That #FIFAWorldCup final had it all. Big shout to the ref Szymon Marciniak superb all way through. I think more ex pro should become refs.,[],2022-12-18T18:11:05.000Z,"['1,909', '18']",0,0,1,0
https://www.twitter.com/lfrfireofficer/status/1604533884082966529,This is one of the best games of football Iâ€™ve seen this yearâ€¦second best in factâ€¦still doesnâ€™t beat @officialgtfc beating @Wrexham_AFC in the play off semi!  #WorldCupFinal #WorldCup #Qatar2022 #ARGFRA #GTFC #UTM,"['https://abs-0.twimg.com/emoji/v2/svg/1f5a4.svg', 'https://abs-0.twimg.com/emoji/v2/svg/1f90d.svg']",2022-12-18T17:47:43.000Z,"['1,248', '12']",0,0,1,0
https://www.twitter.com/stephenm68/status/1604537602635595776,Congratulations Argentina ! And commiserations to France  especially to the great MbappÃ© who will now be immortalised as a quiz question. #WorldCupFinal,"['https://abs-0.twimg.com/emoji/v2/svg/1f1e6-1f1f7.svg', 'https://abs-0.twimg.com/emoji/v2/svg/1f1eb-1f1f7.svg']",2022-12-18T18:02:29.000Z,"['1,053', '2', '8']",0,0,1,0
https://www.twitter.com/jjreade/status/1603780321102950400,"Last but not least, we concluded with a hugely interesting keynote from competition economist @haucap, who covered a range of topics, covering some of his own research with @kai__fischer before finishing off with some #FIFAWorldCup predictions.",[],2022-12-16T15:53:20.000Z,"['356', '5']",0,0,1,0
https://www.twitter.com/1OnkarSingh/status/1604864267332657152,"With everything considered, Its actually the Greatest Save Of All Time isnt it? @emimartinezz1 #FIFAWorldCup",[],2022-12-19T15:40:32.000Z,"['692', '9']",0,0,1,0
https://www.twitter.com/KLAantiques/status/1604043922522742785,Check out  Large Vintage Silver Trophy Antique ShabbyChic Display 10.5â€ Tall - Trophies https://ebay.co.uk/itm/175527317405?mkcid=16&mkevt=1&mkrid=711-127632-2357-0&ssspo=6oUa2CtcQfW&sssrc=2051273&ssuid=6oUa2CtcQfW&var=&widget_ver=artemis&media=TWâ€¦ #eBay via @eBay_UK #WorldCup #ArgentinaVsFrance #ARG #FRA #ARGFRA #FIFAWorldCup #FIFA #QatarWorldCup #QatarWorldCup2022 >>>  <<<,"['https://abs-0.twimg.com/emoji/v2/svg/1f3c6.svg', 'https://abs-0.twimg.com/emoji/v2/svg/1f3c6.svg']",2022-12-17T09:20:47.000Z,['41'],0,0,0,0
https://www.twitter.com/Baggy2511/status/1604209512402952192,Croatia win the Third Place Play Off 2-1. Commeriserations to Morocco who have done themselves and the whole of Africa proud  #CROMAR #FIFAWorldCupâ€¯â€¯â€¯ #Qatar2022,['https://abs-0.twimg.com/emoji/v2/svg/1f44f.svg'],2022-12-17T20:18:47.000Z,['90'],0,0,0,0
https://www.twitter.com/LeonDuke/status/1604546322438168580,"The levels to this game, look at the time on the clock  #FIFAWorldCup",['https://abs-0.twimg.com/emoji/v2/svg/1f92f.svg'],2022-12-18T18:37:08.000Z,"['1,445', '12']",0,0,1,0
https://www.twitter.com/Rhyno_24/status/1604537273843851264,"Debate over! After finally winning the #FIFAWorldCup, this man, Lionel Messi, is officially the GREATEST OF ALL TIME!

Take a bow GOAT , take a bow!",['https://abs-0.twimg.com/emoji/v2/svg/1f410.svg'],2022-12-18T18:01:11.000Z,"['465', '1', '13']",1,0,1,0
https://www.twitter.com/TonyHusband/status/1604531870557175809,"Just let them keep playing, penalties can wait. #ARGFRA #WorldCupFinal",[],2022-12-18T17:39:43.000Z,"['1,022', '1', '7']",1,0,1,0
https://www.twitter.com/aumoh57/status/1604943479070564354,"I want to say a big thank you to @JayJaySZN & @ctsmclovinya for being fantastic guests 
@HollieAgombar you are a star  It has been a pleasure joining forces with you 
#FIFAWorldCup

If you missed the show..........

Youtube 
https://youtu.be/FnLstYJeu-0

Twitter ","['https://abs-0.twimg.com/emoji/v2/svg/1f44a-1f3fe.svg', 'https://abs-0.twimg.com/emoji/v2/svg/1f31f.svg', 'https://abs-0.twimg.com/emoji/v2/svg/2764.svg', 'https://abs-0.twimg.com/emoji/v2/svg/2b07.svg', 'https://abs-0.twimg.com/emoji/v2/svg/2b07.svg']",2022-12-19T19:34:51.000Z,"['2,816', '4', '1', '9']",0,1,1,0
https://www.twitter.com/DentonSte/status/1604880004302741505,For those saying this was the greatest game ever #FIFAWorldCup they clearly werenâ€™t at Boundary Park on 11 May 1991 #oafc,[],2022-12-19T16:43:04.000Z,"['886', '8']",0,0,1,0
https://www.twitter.com/Stephen_Logan/status/1604131654620020737,You just canâ€™t keep Morocco  down. Instant response #FIFAWorldCup,['https://abs-0.twimg.com/emoji/v2/svg/1f1f2-1f1e6.svg'],2022-12-17T15:09:24.000Z,['457'],0,0,0,0
https://www.twitter.com/Hoylesey59/status/1604549718356500481,"Football. Completed it mate. What a career, what a legend. #LionelMessi #WorldCup #WorldCupFinal #FrancevsArgentina",[],2022-12-18T18:50:38.000Z,"['836', '7']",0,0,1,0
https://www.twitter.com/Jessaroo1881/status/1604550668391370752,Merry ChristMESSI everyone. #FIFAWorldCup #Messið“ƒµ #WorldCup #ARGFRA #ArgentinaVsFrance ,['https://abs-0.twimg.com/emoji/v2/svg/1f384.svg'],2022-12-18T18:54:25.000Z,"['953', '2', '8']",0,0,1,0
https://www.twitter.com/Uzzell01/status/1604541241743523842,"Lets get this straight, the lino doesn't flag offside for Messi's goal, he flags for the goal being over the line, after his watch vibrates #WorldCupFinal",[],2022-12-18T18:16:57.000Z,"['1,158', '10']",0,0,1,0
https://www.twitter.com/bartruspoli/status/1604540819716841480,Greatest game Iâ€™ve ever seen. #WorldCupFinal,[],2022-12-18T18:15:17.000Z,"['649', '9']",0,0,1,0
https://www.twitter.com/rogerg44/status/1604554530632437762,Congratulations to Argentina & #Messi the best player I've ever seen with my eyes in #NouCamp defeating brave #FranceAfrique and #Mbappe A controversial tournament #FIFAWorldCup ends w/ the football doing the talking but we should never be blind to human rights for all.,[],2022-12-18T19:09:45.000Z,"['528', '4']",0,0,1,0
https://www.twitter.com/JackLeslieCamp/status/1604540813815336960,"Congratulations to Argentina  on winning #WorldCupFinal! 
Also a reminder that Jack Leslieâ€™s @Argyle side beat Argentina TWICE on their 1924 tour of South America in 1924! 
Details on our website https://jackleslie.co.uk/jack/jack-leslie-biography/â€¦",['https://abs-0.twimg.com/emoji/v2/svg/1f1e6-1f1f7.svg'],2022-12-18T18:15:15.000Z,"['707', '2', '8']",0,0,1,0
https://www.twitter.com/ChrisImafidon/status/1604542035402293262,"Congratulations to #FIFAWorldCup
Champions, congrats to #Mbappe
 The Lord had #Messi #WorldCup @eplstreamsuk",[],2022-12-18T18:20:06.000Z,"['189', '2', '2']",0,0,1,0
https://www.twitter.com/harwoodonline/status/1604532457755271173,Second concert of three today @RoyalAlbertHall #RAHChristmas @rpoonline @royalchoral @nycgb @gregbeardsell finished in time to watch the exciting climax of #WorldCupFinal.,[],2022-12-18T17:42:03.000Z,"['1,637', '20']",0,0,1,0
https://www.twitter.com/bethfenton08/status/1604531726503784449,What is this game Woweeee #WorldCupFinal,['https://abs-0.twimg.com/emoji/v2/svg/1f602.svg'],2022-12-18T17:39:09.000Z,"['593', '5']",0,0,1,0
https://www.twitter.com/LeeDForster/status/1604514561230790657,"Anyone using the phrase â€˜Super excitingâ€™ at a football match should automatically receive a banning order.

#FIFAWorldCup #ARGFRA #NUFC",[],2022-12-18T16:05:44.000Z,"['1,629', '1', '7']",1,0,1,0
https://www.twitter.com/one9eighty/status/1604535686895472648,"Wow. What a game 
When France woke up at least!
Congratulations to Argentina . Commiserations to France .

#WorldCupFinal #WorldCup #FIFAWorldCup2022 #FIFAWorldCupQatar2022 #Qatar2022 #QatarWorldCup #ArgentinaVsFrance #ARGFRA #ARGvsFRA","['https://abs-0.twimg.com/emoji/v2/svg/1f92f.svg', 'https://abs-0.twimg.com/emoji/v2/svg/1f1e6-1f1f7.svg', 'https://abs-0.twimg.com/emoji/v2/svg/1f1eb-1f1f7.svg']",2022-12-18T17:54:53.000Z,"['898', '1', '4']",1,0,1,0
https://www.twitter.com/RASKWAME/status/1604537393536802816,"Like a bossâ€¦  Raspec due to one of the G.O.A.T #LionelMessi 
#FIFAWorldCup #WorldCup #ArgentinaVsFrance #WorldCupFinal","['https://abs-0.twimg.com/emoji/v2/svg/1f3c6.svg', 'https://abs-0.twimg.com/emoji/v2/svg/1f44f-1f3fe.svg', 'https://abs-0.twimg.com/emoji/v2/svg/1f44f-1f3fe.svg']",2022-12-18T18:01:40.000Z,"['549', '2', '9']",0,0,1,0
https://www.twitter.com/RadioKLG/status/1604518824363323392,Omg this game has got very interesting #WorldCupFinal,[],2022-12-18T16:47:52.000Z,"['384', '4']",0,0,1,0
https://www.twitter.com/newall_kyle/status/1604550375230656514,@GaryLineker @alanshearer and BBC world class coverage  #ArgentinaVsFrance #FIFAWorldCup,"['https://abs-0.twimg.com/emoji/v2/svg/1f3c6.svg', 'https://abs-0.twimg.com/emoji/v2/svg/26bd.svg']",2022-12-18T18:53:15.000Z,"['158.6K', '1', '1', '43']",1,1,1,0
https://www.twitter.com/BulmerMps/status/1604546158973841408,I knew that stage reminded me of something! #FIFAWorldCup #WorldCupFinal #scalextric,['https://abs-0.twimg.com/emoji/v2/svg/1f923.svg'],2022-12-18T18:36:29.000Z,"['307', '9']",0,0,1,0
https://www.twitter.com/HogansCider/status/1603770339518865408,"The Final.  This is what itâ€™s all come down to.  FRENCH REVELATION v DRY.  You choose which wins.  Vote below

#cider #realcider #craftcider #notfromconcentrate #keevedcider #dry #worldcup #football #soccer #worldcupfinal #warwickshire #vegan #glutenfree",[],2022-12-16T15:13:40.000Z,"['329', '2', '3']",0,0,1,0
https://www.twitter.com/DanOgunshakin/status/1603869393708105728,Great episode ahead of a titanic clash between #FRA #ARG at the Lusail Stadium #Qatar2022 #FifaWorldCup,[],2022-12-16T21:45:00.000Z,['313'],0,0,0,0
https://www.twitter.com/misheleneous/status/1604536297414045699,My mum wins a tenner! Well done #arg and #fra You were absolutely awesome  #WorldCup #WorldCupFinal #FIFAWorldCup2022 #ARGFRA #ArgentinaVsFrance #btposse,"['https://abs-0.twimg.com/emoji/v2/svg/1f604.svg', 'https://abs-0.twimg.com/emoji/v2/svg/1f3c6.svg', 'https://abs-0.twimg.com/emoji/v2/svg/26bd.svg', 'https://abs-0.twimg.com/emoji/v2/svg/1f1e6-1f1f7.svg']",2022-12-14T21:08:22.000Z,"['574', '11']",0,0,1,0
https://www.twitter.com/WaynneP/status/1604522541850181633,Donâ€™t mind another 30 minutes of this #FIFAWorldCup,[],2022-12-18T17:02:39.000Z,"['1,309', '11']",0,0,1,0
https://www.twitter.com/Ahmedelhadi2010/status/1604570735577649157,"The last dance ! Fantastic World
Cup. Congratulations to Argentina and Messi for this well deserved trophy 
#FIFAWorldCup

What an iconic image !",['https://abs-0.twimg.com/emoji/v2/svg/1f1e6-1f1f7.svg'],2022-12-18T20:14:09.000Z,"['666', '9']",0,0,1,0
https://www.twitter.com/LondonArtCritic/status/1604537976570118145,"Such a great final, absolutely loved it #ARGFRA",[],2022-12-18T18:03:59.000Z,"['430', '5']",0,0,1,0
https://www.twitter.com/Dagaffer_10/status/1603811538434813952,Iâ€™m fully on this villain arc. #KyliKyli  #WorldCup2022 #ARGFRA  Les Blues. Alleeeeeeeee @KMbappe,"['https://abs-0.twimg.com/emoji/v2/svg/1fae1.svg', 'https://abs-0.twimg.com/emoji/v2/svg/1f1eb-1f1f7.svg']",2022-12-16T17:57:22.000Z,"['275', '1']",0,1,0,0
https://www.twitter.com/PeterBa82304711/status/1604573132215418880,"Yes #garyneville it was a brilliant match, despite your inane political drivel before hand. I turned to #BBC for their coverage at that point.
#WorldCupFinal",[],2022-12-18T20:23:40.000Z,"['260', '9']",0,0,1,0
https://www.twitter.com/MuhammaddNawaz/status/1604548028513529857,"Bye bye Messi 
The football  world  will remember you forever 

Legend never retired 
Legend never die 
Legend never be forgotten 
#WorldCupFinal","['https://abs-0.twimg.com/emoji/v2/svg/1f44f.svg', 'https://abs-0.twimg.com/emoji/v2/svg/1f44f.svg', 'https://abs-0.twimg.com/emoji/v2/svg/1f44f.svg', 'https://abs-0.twimg.com/emoji/v2/svg/26bd.svg', 'https://abs-0.twimg.com/emoji/v2/svg/1f30e.svg', 'https://abs-0.twimg.com/emoji/v2/svg/2764.svg', 'https://abs-0.twimg.com/emoji/v2/svg/2764.svg', 'https://abs-0.twimg.com/emoji/v2/svg/2764.svg']",2022-12-18T18:43:55.000Z,"['1,237', '6', '46']",0,0,1,0
https://www.twitter.com/lynseyhooper/status/1604531656639279110,"I donâ€™t want this game to end, and I donâ€™t think it will #WorldCupFinal",[],2022-12-18T17:38:52.000Z,"['4,149', '6']",0,0,1,0
https://www.twitter.com/TheGKN/status/1604812444966064128,"Just thinking about this save 
#WorldCupFinal","['https://abs-0.twimg.com/emoji/v2/svg/1f9e4.svg', 'https://abs-0.twimg.com/emoji/v2/svg/1f62e-200d-1f4a8.svg']",2022-12-19T12:14:37.000Z,"['32.1K', '13', '5', '231', '1']",0,0,1,1
https://www.twitter.com/GauciGauci/status/1604551475870433280,"Blue and black? Or white and gold?
#FIFAWorldCup #Messið“ƒµ",[],2022-12-18T18:57:37.000Z,"['16.3K', '2', '2', '15']",0,0,1,0
https://www.twitter.com/VioletaYammine/status/1604540177132797953,Literally me right before the penalties  #CardioTwitter #WorldCupFinal,['https://abs-0.twimg.com/emoji/v2/svg/1f602.svg'],2022-12-18T18:12:43.000Z,"['12K', '5', '3', '30']",0,0,1,0
https://www.twitter.com/davidcollinscv4/status/1604536554202214400,"Iâ€™ve been watching football 26/27 years now, that is without doubt the best final of any competition and one of the best games of football Iâ€™ve ever watched. Unbelievable. Congratulations Argentina  #ARGFRA #WorldCupFinal #WorldCup #ArgentinaVsFrance #ARG #FRA",['https://abs-0.twimg.com/emoji/v2/svg/1f1e6-1f1f7.svg'],2022-12-18T17:58:20.000Z,"['999', '9']",0,0,1,0
https://www.twitter.com/bhw147/status/1604536426468515843,"Such a shame it had to go to pens, but congratulations to Argentina, you thoroughly deserved this today and also to Messi for me truly the greatest of all time congratulations. #WorldCup #ARGFRA #WorldCupFinal",[],2022-12-18T17:57:49.000Z,"['1,287', '13']",0,0,1,0
https://www.twitter.com/TimothyEdenRD/status/1604533702356193280,"Riding the wave of semi normality and having friends over for food and #WorldCupFinal shenanigans 

Treating myself to an alcohol free â€˜ginâ€™ and tonic and surprised at how nice it is #franceforthewin #alalebleu","['https://abs-0.twimg.com/emoji/v2/svg/26bd.svg', 'https://abs-0.twimg.com/emoji/v2/svg/1f1eb-1f1f7.svg', 'https://abs-0.twimg.com/emoji/v2/svg/1f3c6.svg', 'https://abs-0.twimg.com/emoji/v2/svg/1f378.svg']",2022-12-18T17:47:00.000Z,"['1,146', '7']",0,0,1,0
https://www.twitter.com/Hosy_Pickett/status/1604943456857628697,"The breathtaking power of football. . . 

#Argentina #FIFAWorldCup",[],2022-12-19T20:55:13.000Z,"['294', '2', '4']",0,0,1,0
https://www.twitter.com/TomTheProducer1/status/1604543822742147073,Singh when youâ€™re winning   #ARGFRA #Messið“ƒµ,"['https://abs-0.twimg.com/emoji/v2/svg/1f3c6.svg', 'https://abs-0.twimg.com/emoji/v2/svg/1f44f.svg', 'https://abs-0.twimg.com/emoji/v2/svg/1f64f.svg']",2022-12-18T17:58:22.000Z,"['653', '1', '4']",1,0,1,0
https://www.twitter.com/tomread1994/status/1604539129739485190,What a moment this was @emimartinezz1  big save big moment. GK appreciation post #emimartinez #WorldCupFinal,['https://abs-0.twimg.com/emoji/v2/svg/1f9e4.svg'],2022-12-18T18:08:34.000Z,"['10.2K', '6', '131']",0,0,1,0
https://www.twitter.com/KLAantiques/status/1604155834547769344,Check out  Very Large Vintage Wooden Shield - Plaque Silver Trophy - 14.5â€ Tall - 1960â€™s https://ebay.co.uk/itm/175514577467?mkcid=16&mkevt=1&mkrid=711-127632-2357-0&ssspo=6oUa2CtcQfW&sssrc=2051273&ssuid=6oUa2CtcQfW&var=&widget_ver=artemis&media=TWâ€¦ #eBay via @eBay_UK #CROMAR #ALeagues #Morocco #CroÂ  #CroatiaVSMorocco #QatarWorldCup #Qatar2022Â  #FIFAWorldCupÂ  #FIFA #3rdPlace >>>  <<<,"['https://abs-0.twimg.com/emoji/v2/svg/1f3c6.svg', 'https://abs.twimg.com/hashflags/Foris_Limited_Cryptocom_23/Foris_Limited_Cryptocom_23.png', 'https://abs-0.twimg.com/emoji/v2/svg/1f3c6.svg']",2022-12-17T16:45:29.000Z,['693'],0,0,0,0
https://www.twitter.com/bhw147/status/1604549478052204550,"Congratulations to Argentina and to Messi, CHAMPIONS OF THE WORLD and GOAT for Messi #FIFAWorldCup #WorldCupFinal #ARGFRA",[],2022-12-18T18:49:41.000Z,"['1,066', '1', '17']",1,0,1,0
https://www.twitter.com/MuhammaddNawaz/status/1604579342922792962,"Sportsman spirit 
Pic of the day 
Messi and Kylian MbappÃ© 
#WorldCupFinal #WorldCup ","['https://abs-0.twimg.com/emoji/v2/svg/2764.svg', 'https://abs-0.twimg.com/emoji/v2/svg/2764.svg', 'https://abs-0.twimg.com/emoji/v2/svg/26bd.svg']",2022-12-18T20:48:21.000Z,"['2,234', '3', '47']",0,0,1,0
https://www.twitter.com/TimmyLDN/status/1604527188086296577,Just accidentally switched over to the #WorldCupFinal â€¦ quickly switched off again.,[],2022-12-18T17:21:06.000Z,"['720', '6']",0,0,1,0
https://www.twitter.com/OBMRacing/status/1604517917080551425,"Well that escalated quickly 

#WorldCupFinal",[],2022-12-18T16:44:16.000Z,"['5,882', '36']",0,0,1,0
https://www.twitter.com/TobyWoody/status/1603751645510340608,A weekend without any football to watch or ref - sake.,['https://abs-0.twimg.com/emoji/v2/svg/1f633.svg'],2022-12-16T13:57:06.000Z,['173'],0,0,0,0
https://www.twitter.com/BHAZiggy/status/1604810470283653121,Iâ€™ll just leave this here for @OfficialBHAFC supporters to enjoy. #FIFAWorldCup #GOSBTS #BHAFC,[],2022-12-19T12:06:46.000Z,"['313', '5']",0,0,1,0
https://www.twitter.com/ABishop32/status/1604537491813502978,Is Mbappe the only player to score a hat-trick in the #FIFAWorldCup final and not win? #ARGFRA,[],2022-12-18T18:02:03.000Z,"['1,057', '1', '6']",1,0,1,0
https://www.twitter.com/LewisOldham99/status/1604808661846691840,"As we all know, Emi Martinez wouldnâ€™t be where he is today if it wasnâ€™t for his brief spell at Rotherham United in 2015.

A feature for @F365 on love affairs with loan players starring Argentina & Aston Villaâ€™s World Cup winner. 

#RUFC #AVFC #FIFAWorldCup",[],2022-12-19T11:59:35.000Z,"['4,726', '1', '1', '10']",1,1,1,0
https://www.twitter.com/Chipstead_Gas/status/1604082748884504576,Anyone else think most of the commentators at this World Cup have been awful? McCoist and Tyldesley are the only decent ones #FIFAWorldCup,[],2022-12-17T11:55:04.000Z,"['930', '9']",0,0,1,0
https://www.twitter.com/ploddercfc/status/1604539675368165380,Imagine not loving sport ! Imagine not loving football ! The greatest drama ! The best #WorldCupFinal ever ! Destiny for #Messið“ƒµ & #mbappe ready to take the mantle on a hat trick and on the losing side. #ARGFRA,[],2022-12-18T18:10:44.000Z,"['458', '7']",0,0,1,0
https://www.twitter.com/jugglingmum2011/status/1604546047438557184,That was one of the best games of football Iâ€™ve seen! Absolutely brilliant #WorldCupFinal wonâ€™t forget that game in a hurry #ArgentinaVsFrance ,['https://abs-0.twimg.com/emoji/v2/svg/1f499.svg'],2022-12-18T18:36:03.000Z,"['1,174', '14']",0,0,1,0
https://www.twitter.com/grahambrookland/status/1604537878817787907,The greatest game of football in my lifetime bar none. Football at its very best. Absolutely outstanding. Absolutely riveting. Absolutely amazing. The global game. #WorldCupFinal,[],2022-12-18T18:03:35.000Z,"['382', '4']",0,0,1,0
https://www.twitter.com/syedzaighum110/status/1604532186652192773,"Final canâ€™t be more interesting than this. I am watching one of the most interesting footba match of football history 
 #FIFAWorldCup",[],2022-12-18T17:40:58.000Z,"['675', '10']",0,0,1,0
https://www.twitter.com/KLAantiques/status/1604044033776619522,Check out  Large Collection of x10 Silver Trophies - Job Lot Trophy Display UpCycle #C https://ebay.co.uk/itm/175527352737?mkcid=16&mkevt=1&mkrid=711-127632-2357-0&ssspo=6oUa2CtcQfW&sssrc=2051273&ssuid=6oUa2CtcQfW&var=&widget_ver=artemis&media=TWâ€¦ #eBay via @eBay_UK #WorldCup #ArgentinaVsFrance #ARG #FRA #ARGFRA #FIFAWorldCup #FIFA #QatarWorldCup #QatarWorldCup2022 >>>  <<<,"['https://abs-0.twimg.com/emoji/v2/svg/1f3c6.svg', 'https://abs-0.twimg.com/emoji/v2/svg/1f3c6.svg']",2022-12-17T09:21:14.000Z,['38'],0,0,0,0
https://www.twitter.com/CyclingEurope/status/1604533576376193030,French speakers could probably lip read thatâ€¦ #FIFAWorldCup #BBCWorldCup,[],2022-12-18T17:46:30.000Z,"['2,366', '9']",0,0,1,0
https://www.twitter.com/LloydW90/status/1603714015804407809,"@RequestABet #ARGFRA Argentina to win, BTTS in both half, 2+ corners each team each half and 20+ booking points each team",[],2022-12-16T11:29:51.000Z,"['115', '1']",0,1,0,0
https://www.twitter.com/CllrDaveTrimble/status/1604762439727190016,"BestWorld Final Iâ€™ve ever watched, pure quality. Messi the best player ever and thoroughly looking forward to Mbappe take over that mantle into the future. #fifaworldcup",[],2022-12-19T08:55:55.000Z,"['334', '7']",0,0,1,0
https://www.twitter.com/Carl_Duala/status/1604145075059056643,Wow! Who messed up @MicahRichards haircut   #FIFAWorldCup,"['https://abs-0.twimg.com/emoji/v2/svg/1f487-1f3fe-200d-2642-fe0f.svg', 'https://abs-0.twimg.com/emoji/v2/svg/1f602.svg', 'https://abs-0.twimg.com/emoji/v2/svg/1f629.svg']",2022-12-17T16:02:44.000Z,['160'],0,0,0,0
https://www.twitter.com/asinge69/status/1604159111264108544,All this stuff about the Moroccan fairytale etc etc. Their complaint about the referee after the semi final and their conduct during and after this game has been shameful. Such a shame                                #FIFAWorldCup #CROMAR,[],2022-12-17T16:58:30.000Z,"['263', '1']",0,0,0,0
https://www.twitter.com/Bernardi_UK/status/1604551272929329152,"We are there even when we are not there. The FIFA World Cup Trophy, designed by Italian artist Silvio Gazzaniga, was made in Italy in 1974. https://en.m.wikipedia.org/wiki/FIFA_World_Cup_Trophyâ€¦ #FIFAWorldCup",[],2022-12-18T18:56:49.000Z,"['353', '5']",0,0,1,0
https://www.twitter.com/robin1302/status/1604533599331663875,The last 50 odd minutes of that was incredible. Football at its absolute best. #WorldCupFinal,[],2022-12-18T17:46:35.000Z,"['859', '1', '7']",0,1,1,0
https://www.twitter.com/KathB2013/status/1604158636766695426,"#Croatia won  #FIFAWorldCup #FIFAWorldCup2022 #CROMAR But well done #morocco 

2-1 FT","['https://abs-0.twimg.com/emoji/v2/svg/1f44f.svg', 'https://abs-0.twimg.com/emoji/v2/svg/1f44f.svg', 'https://abs-0.twimg.com/emoji/v2/svg/1f44f.svg']",2022-12-17T16:56:37.000Z,['171'],0,0,0,0
https://www.twitter.com/BulmerMps/status/1604541736654721024,"The 3rd best Lionel in history finally wins the World Cup, securing his legacy!#WorldCup #ARGFRA #FIFAWorldCupFinal #Messið“ƒµ","['https://abs-0.twimg.com/emoji/v2/svg/26bd.svg', 'https://abs-0.twimg.com/emoji/v2/svg/1f3c6.svg', 'https://abs-0.twimg.com/emoji/v2/svg/1f1e6-1f1f7.svg']",2022-12-18T18:18:55.000Z,"['268', '6']",0,0,1,0
https://www.twitter.com/josephineinnit/status/1604547101295513600,Nadja giving out the medals at #WorldCupFinal,[],2022-12-18T18:40:14.000Z,"['870', '3']",0,0,1,0
https://www.twitter.com/StarSports_Bet/status/1604117119628615680," | WORLD CUP

 Morocco face Croatia in the #FIFAWorldCupÂ third place play-off - which side can bounce back from their semi-final heartbreak?

 Click below to read our preview - which includes 5/1, 9/1 & 10/1 selections!","['https://abs-0.twimg.com/emoji/v2/svg/26bd.svg', 'https://abs-0.twimg.com/emoji/v2/svg/1f1f2-1f1e6.svg', 'https://abs-0.twimg.com/emoji/v2/svg/1f1ed-1f1f7.svg', 'https://abs-0.twimg.com/emoji/v2/svg/1f4dd.svg', 'https://abs-0.twimg.com/emoji/v2/svg/1f447.svg']",2022-12-17T14:11:39.000Z,"['945', '1']",1,0,0,0
https://www.twitter.com/GavCalver/status/1604536128370905088,"Now that was comfortably the best #WorldCupFinal of my lifetime. What an utter dichotomy this tournament has been. Everything off the pitch has been disappointing, everything on itâ€™s been sensational. Massive congratulations to , worthy winners #ArgentinaVsFrance #FIFAWorldCup",['https://abs-0.twimg.com/emoji/v2/svg/1f1e6-1f1f7.svg'],2022-12-18T17:56:38.000Z,"['3,625', '3', '46']",0,0,1,0
https://www.twitter.com/ImamMonawar/status/1604554299106803713,Brilliant #WorldCupFinal congratulations to #Argentina and #France for  playing one of the best world Cup finals  in living memory. Well done Argentina to be crowned the new world champions.,['https://abs-0.twimg.com/emoji/v2/svg/1f44f.svg'],2022-12-18T19:08:50.000Z,"['284', '4']",0,0,1,0
https://www.twitter.com/papadimitriou/status/1604155970476773376,"Thatâ€™s a great game. And one more for #HRV. Now for #MAR to try and equalize. 

#FIFAWorldCup 

(Few seemed to care here, third pub, had to ask the publican to put the TV on, and now half of the patrons are watching with me haha)",[],2022-12-17T15:45:26.000Z,"['337', '3', '1']",0,0,1,1
https://www.twitter.com/GeorgieHeath27/status/1604242696385830917,"Cant sleepâ€¦too excited for it to come home tomorrow   
#FIFAWorldCup #FIFAWorldCupQatar2022 #england #eng","['https://abs-0.twimg.com/emoji/v2/svg/1f440.svg', 'https://abs-0.twimg.com/emoji/v2/svg/1f3a3.svg', 'https://abs-0.twimg.com/emoji/v2/svg/1f64a.svg']",2022-12-17T22:30:38.000Z,"['2,106', '9']",0,0,1,0
https://www.twitter.com/d_arcy07/status/1604132725665202179,"Cracking start to the 3rd place play off...2 goals in the first 10 minutes
#CROMOR
#FIFAWorldCup",[],2022-12-17T15:08:48.000Z,"['311', '2']",0,0,1,0
https://www.twitter.com/therealeverton/status/1604131655249166339,#FIFAWorldCup is so good. 2 goals in 8 minutes,[],2022-12-17T15:09:24.000Z,['43'],0,0,0,0
https://www.twitter.com/quentin_gesp/status/1604088538500399104,"Ousmane DembÃ©lÃ© is such a Mummy in the France team  

â€œDayot (Upamecano) or Adrien (Rabiot) had a headache or a little stomach ache but I gave them a tea with ginger and honey and they were feeling betterâ€ #FRA #FRAARG #Qatar2022 #FIFAWorldCup","['https://abs-0.twimg.com/emoji/v2/svg/1f602.svg', 'https://abs-0.twimg.com/emoji/v2/svg/1f970.svg', 'https://abs-0.twimg.com/emoji/v2/svg/1f970.svg']",2022-12-17T12:18:04.000Z,"['2,861', '11', '1']",0,0,1,1
https://www.twitter.com/blackxcellencee/status/1604223953907716099,"Thank you, Morocco  

They dared to dream and they absolutely delivered 

The best ever finish by an African nation in the #fifaworldcup #qatar #morocco @ London, United Kingdom","['https://abs-0.twimg.com/emoji/v2/svg/1f1f2-1f1e6.svg', 'https://abs-0.twimg.com/emoji/v2/svg/1f44f.svg']",2022-12-17T21:16:10.000Z,['60'],0,0,0,0
https://www.twitter.com/afcjagman/status/1604746933871968257,Hmm .. I wonder if the English players would have been singing anti Argentinian songs in their dressing room. What was the result in the Falklands? #FIFAWorldCupÂ  #Messið“ƒµ #WorldCupFinal #WorldCup,[],2022-12-19T07:54:18.000Z,"['753', '3', '6']",0,0,1,0
https://www.twitter.com/KLAantiques/status/1604155790465581059,Check out  Large Vintage Silver Trophy Antique ShabbyChic Display 14â€ Tall BP Auto Club https://ebay.co.uk/itm/175527309779?mkcid=16&mkevt=1&mkrid=711-127632-2357-0&ssspo=6oUa2CtcQfW&sssrc=2051273&ssuid=6oUa2CtcQfW&var=&widget_ver=artemis&media=TWâ€¦ #eBay via @eBay_UK #CROMAR #ALeagues #Morocco #CroÂ  #CroatiaVSMorocco #QatarWorldCup #Qatar2022Â  #FIFAWorldCupÂ  #FIFA #3rdPlace >>>  <<<,"['https://abs-0.twimg.com/emoji/v2/svg/1f3c6.svg', 'https://abs.twimg.com/hashflags/Foris_Limited_Cryptocom_23/Foris_Limited_Cryptocom_23.png', 'https://abs-0.twimg.com/emoji/v2/svg/1f3c6.svg']",2022-12-17T16:45:18.000Z,['661'],0,0,0,0
https://www.twitter.com/EmilyHarries19/status/1604491804337897472,"In the BBC or ITV debate, ITV wins purely based on Ally McCoist being on commentary, even if it means putting up with Dixon and Matterface  Also means avoiding the Messi wankfest from Lineker & Co. There are other players you know #ArgentinaVsFrance #WorldCupFinal #Qatar2022",['https://abs-0.twimg.com/emoji/v2/svg/1f644.svg'],2022-12-18T15:00:30.000Z,"['3,815', '1', '12']",0,1,1,0
https://www.twitter.com/SuperSaf/status/1604545741904646146,"2 GOATS in one frame!!!

#ArgentinaVsFrance #FIFAWorldCup",[],2022-12-18T18:34:50.000Z,"['227.8K', '173', '5', '3,471', '13']",0,0,1,0
https://www.twitter.com/WaynneP/status/1604533628440018956,How wasnâ€™t there a winner in that last minute #FIFAWorldCup Extraordinary game as good as it gets,[],2022-12-18T17:46:42.000Z,"['753', '5']",0,0,1,0
https://www.twitter.com/patel_javed/status/1604500980212682756,What an incredible team goal!!!! Only one team in this #ArgentinaVsFrance #WorldCupFinal #FIFAWorldCup ,['https://abs-0.twimg.com/emoji/v2/svg/1f1e6-1f1f7.svg'],2022-12-18T15:36:58.000Z,"['791', '1', '9']",1,0,1,0
https://www.twitter.com/Davey_G85/status/1604533715899535366,Scrap penalties let them play for another half hour. #WorldCupFinal,[],2022-12-18T17:47:03.000Z,"['326', '5']",0,0,1,0
https://www.twitter.com/OwoSports1/status/1604089181482979329,"Bronze Medal Matchday!

 Croatia vs Morocco  

Kickoff: 4PM 

Who are you tipping to win the 3rd place match? 
#CROMAR
#Qatar2022 #FIFAWorldCup","['https://abs-0.twimg.com/emoji/v2/svg/1f1ed-1f1f7.svg', 'https://abs-0.twimg.com/emoji/v2/svg/1f1f2-1f1e6.svg']",2022-12-17T12:20:38.000Z,"['4,207', '8', '35']",0,0,1,0
https://www.twitter.com/MagsWanderer/status/1604531841456799748,".@EmmanuelMacron has taken his jacket off. 

#Qatar2022 #FIFAWorldCup #ArgentinaVsFrance",[],2022-12-18T17:39:36.000Z,"['1,817', '3', '12']",0,0,1,0
https://www.twitter.com/LauraMcGhie_/status/1604518700194971648,Whaaaat is happening! #WorldCup #ARGFRA,[],2022-12-18T16:47:23.000Z,"['1,754', '1', '12']",1,0,1,0
https://www.twitter.com/georgiapeplow_/status/1604546233212850187,The greatest to ever do it. #GOATð“ƒµ #ArgentinaVsFrance #FIFAWorldCup,[],2022-12-18T18:36:47.000Z,"['237', '4']",0,0,1,0
https://www.twitter.com/emmasecole/status/1604518144235556864,Oh my word. What a turn around #ARGFRA,[],2022-12-18T16:45:10.000Z,"['539', '6']",0,0,1,0
https://www.twitter.com/RoperCarl/status/1604550599365861377,Nice touch by @BBCSport . The Power of Love sung by a gay man. #FIFAWorldCup,[],2022-12-18T18:54:08.000Z,"['530', '8']",0,0,1,0
https://www.twitter.com/FChungSport/status/1604153093888901120,Surely VAR have to pick that up and give a pen? Itâ€™s the clearest one youâ€™ll ever see  #CROMAR #FIFAWorldCup,"['https://abs-0.twimg.com/emoji/v2/svg/1f602.svg', 'https://abs-0.twimg.com/emoji/v2/svg/1f937-1f3fb-200d-2642-fe0f.svg']",2022-12-17T16:34:35.000Z,"['379', '1']",0,0,0,0
https://www.twitter.com/StarSports_Bet/status/1604093099151613953," | STARTERS ORDERS

With no racing in the UK & Ireland, today we have prices for: 

 The #FIFAWorldCup third place play-off!

 Norwich City v Blackburn Rovers!","['https://abs-0.twimg.com/emoji/v2/svg/1f3c7.svg', 'https://abs-0.twimg.com/emoji/v2/svg/1f3c6.svg', 'https://abs-0.twimg.com/emoji/v2/svg/1f3f4-e0067-e0062-e0065-e006e-e0067-e007f.svg']",2022-12-17T12:36:12.000Z,"['971', '1']",1,0,0,0
https://www.twitter.com/OBMRacing/status/1604531329038696455,"Whatâ€™s French for â€˜Balls of steelâ€™? 

#WorldCupFinal",[],2022-12-18T17:37:34.000Z,"['11.2K', '1', '32']",1,0,1,0
https://www.twitter.com/ollymagnus/status/1604528221495492610,Brilliant game to be fair #WorldCupFinal - I am torn - I love baguettes  and croissants  but I also love Malbec and Ribeye  ,"['https://abs-0.twimg.com/emoji/v2/svg/1f956.svg', 'https://abs-0.twimg.com/emoji/v2/svg/1f950.svg', 'https://abs-0.twimg.com/emoji/v2/svg/1f377.svg', 'https://abs-0.twimg.com/emoji/v2/svg/1f969.svg', 'https://abs-0.twimg.com/emoji/v2/svg/1f937-200d-2642-fe0f.svg']",2022-12-18T17:25:13.000Z,"['1,108', '6']",0,0,1,0
https://www.twitter.com/TimothyEdenRD/status/1603789477524246528,"I am SOOO excited that today I woke up and felt slightly human again! So had my parents over and we even managed to venture out to lunch at my local @oakandsaw lovely food & great service! 

Now letâ€™s hope this continues through the weekend #WorldCupFinal #ChristmasCarols ","['https://abs-0.twimg.com/emoji/v2/svg/1f60b.svg', 'https://abs-0.twimg.com/emoji/v2/svg/1f37b.svg', 'https://abs-0.twimg.com/emoji/v2/svg/1f91e-1f3fc.svg']",2022-12-16T16:29:43.000Z,"['1,806', '1', '17']",0,1,1,0
https://www.twitter.com/IanHollo/status/1604066834759794689,"Wouldn't mind seeing a game like this tomorrow in the #FIFAWorldCup final

120 mins of great goals from #Mbappe & #Messið“ƒµ ","['https://abs-0.twimg.com/emoji/v2/svg/1f923.svg', 'https://abs-0.twimg.com/emoji/v2/svg/1f923.svg']",2022-12-17T10:51:50.000Z,['144'],0,0,0,0
https://www.twitter.com/BenRansomSky/status/1604531426170486784,"This is superb drama! 

Mbappe v Messi definitely worth the hype! #ARGFRA
#FIFAWorldCup #Qatar2022",[],2022-12-18T17:37:57.000Z,"['3,265', '7']",0,0,1,0
https://www.twitter.com/Richie_Roc/status/1604533347526578179,Best #WorldCupFinal of all time ,['https://abs-0.twimg.com/emoji/v2/svg/1f44f-1f3fb.svg'],2022-12-18T17:45:35.000Z,"['581', '1', '5']",1,0,1,0
https://www.twitter.com/MrTomClayton/status/1604537886509916160,"The GREATEST player of all time.

The GREATEST World Cup final of all time.

Football, the beautiful game 
#Messið“ƒµ #WorldCupFinal #ArgentinaVsFrance",['https://abs-0.twimg.com/emoji/v2/svg/2764.svg'],2022-12-18T18:03:37.000Z,"['343', '4']",0,0,1,0
https://www.twitter.com/josephlrice/status/1604536887485628425,Never seen a better game. Just in incredible. Shame they canâ€™t share the trophy. Congrats #Argentina! #FIFAWorldCup,['https://abs-0.twimg.com/emoji/v2/svg/1f1e6-1f1f7.svg'],2022-12-18T17:59:39.000Z,"['262', '1', '6']",1,0,1,0
https://www.twitter.com/annewillia/status/1604533220732723204,This has been one of the best games I've ever seen in my life #WorldCupFinal,[],2022-12-18T17:45:05.000Z,"['693', '14']",0,0,1,0
https://www.twitter.com/RichardBertinet/status/1604531395950411779,"Iâ€™ve change my pants â€¦ 10 times ..
#FIFAWorldCup #ARGFRA",[],2022-12-18T17:37:50.000Z,"['1,837', '22']",0,0,1,0
https://www.twitter.com/3LionsPinBadges/status/1604537384200466432,Whoâ€™s laughing now Mbappe!!!! #WorldCupFinal #ARGFRA,[],2022-12-18T18:01:37.000Z,"['2,353', '1', '38']",1,0,1,0
https://www.twitter.com/NicktheHornet/status/1604538260113719298,The better team won but the Messi/Argentina love in is nauseating #ARGFRA,[],2022-12-18T18:05:06.000Z,"['2,484', '1', '9']",0,1,1,0
https://www.twitter.com/TheBluestStar/status/1604536860189097988,"Corned beef beats bourguignon

#ARGFRA #FIFAWorldCup",[],2022-12-18T17:59:32.000Z,"['442', '5']",0,0,1,0
https://www.twitter.com/OmzBk/status/1604585356271255553,"I'm sad the world cup is over . Its been AMAZING . The best I've ever seen . 

Only Right Messi Bows out with a World Cup. 

Think The Goat Argument has been put to bed 

#Messið“ƒµ #ARGFRA #WorldCupFinal #WorldCup #Messi",[],2022-12-18T21:12:15.000Z,"['316', '1', '3']",1,0,1,0
https://www.twitter.com/mpavela/status/1604153135592873991,WHERE IS VAR???? #FIFAWorldCup,[],2022-12-17T16:34:45.000Z,['101'],0,0,0,0
https://www.twitter.com/zubairg/status/1604545979679739907,"The best World Cup ever for me. From start to finish, brilliant group stage, excellent hospitality and organisation, some amazing football, the passionate fans, Morocco winning the hearts of everyone and the final - what a game! #WorldCupFinal",[],2022-12-18T18:35:47.000Z,"['413', '2', '7']",0,0,1,0
https://www.twitter.com/shahanshahan/status/1604079412810506241,"Just realised that all of the remaining games kick off at 3pm UK time (so no more 10pm local time kick-offs) - and for the second World Cup in a row, the play-off is against two teams who played each other in the group stage...

#FIFAWorldCup #Qatar2022
#HRV #MAR",[],2022-12-17T08:00:00.000Z,"['508', '1', '1']",0,1,0,0
https://www.twitter.com/KathB2013/status/1604156003012206592,watching at the very last bit #FIFAWorldCup,[],2022-12-17T16:46:09.000Z,['53'],0,0,0,0
https://www.twitter.com/virtualash/status/1604536098314752001,Aston Villaâ€™s Martinez wins the #WorldCup for Argentina! #UTV #WorldCupFinal #FIFAWorldCup #ArgentinaVsFrance,[],2022-12-18T17:56:31.000Z,"['1,733', '10']",0,0,1,0
https://www.twitter.com/Michelle_Kazi/status/1604546279488503808,"MbappÃ© - WHAT A HERO 

No oneâ€™s more deserving of the Golden Boot! Thereâ€™s always another World Cup - Iâ€™m sure weâ€™re going to see the best of MbappÃ© in 2026 

#FIFAWorldCup #ARGFRA #FiersdetreBleus #Mbappe #GoldenBoot","['https://abs-0.twimg.com/emoji/v2/svg/1f60d.svg', 'https://abs-0.twimg.com/emoji/v2/svg/1f4aa.svg', 'https://abs-0.twimg.com/emoji/v2/svg/1f499.svg', 'https://abs-0.twimg.com/emoji/v2/svg/1f90d.svg', 'https://abs-0.twimg.com/emoji/v2/svg/2764.svg']",2022-12-18T18:36:58.000Z,"['9,624', '17', '122', '1']",0,0,1,1
https://www.twitter.com/OBMRacing/status/1604535651776565250,"One of the worst finals ever for 80 mins 

Then probably the best 

#WorldCupFinal",[],2022-12-18T17:54:44.000Z,"['6,170', '2', '44']",0,0,1,0
https://www.twitter.com/arefadib/status/1604578792269172736,"While our attention is drawn to #Messi and his teammates, let's not forget about Amir Nasr Azadani an Iranian footballer facing the death penalty. #WorldCupFinal #WomanLifeFreedom",[],2022-12-18T20:46:10.000Z,"['12.3K', '59', '3', '133', '2']",0,0,1,0
https://www.twitter.com/JosephCornforth/status/1604162462219108353,"So gutted that Morocco didnâ€™t win the third place play off because they all deserve a medal for being the African team to reach the semi final stage of the World Cup.

#CROMAR #FIFAWorldCup #Qatar2022 #Morocco #thirdplaceplayoff",[],2022-12-17T17:11:49.000Z,['224'],0,0,0,0
https://www.twitter.com/ManLikeDebs/status/1604538592835297280,The goat. The best to ever do it. #messi #WorldCupFinal #ARGFRA,[],2022-12-18T18:06:26.000Z,"['1,216', '2', '1', '10']",0,1,1,0
https://www.twitter.com/TracyBrabin/status/1604534147498020864,This is has to be the best  #WorldCupFinal ever. Trying to process that #Mbappe is only 23! Extraordinary athlete.,[],2022-12-18T17:48:46.000Z,"['5,356', '1', '42']",1,0,1,0
https://www.twitter.com/DippsBhamrah/status/1604533369794187274,"Best Final EVER 
#FIFAWorldCup",[],2022-12-18T17:45:40.000Z,"['817', '11']",0,0,1,0
https://www.twitter.com/albiongirl68/status/1604536051653136390,Congratulations @alemacallister and Argentina on winning the World Cup  What a game #ArgentinaVsFrance #WorldCupFinal So proud of you #bhafc,['https://abs-0.twimg.com/emoji/v2/svg/1f3c6.svg'],2022-12-18T17:56:20.000Z,"['301', '11']",0,0,1,0
https://www.twitter.com/KLAantiques/status/1604043984917209089,Check out  Large Collection of x10 Silver Trophies - Job Lot Trophy Display UpCycle #A https://ebay.co.uk/itm/175527345531?mkcid=16&mkevt=1&mkrid=711-127632-2357-0&ssspo=6oUa2CtcQfW&sssrc=2051273&ssuid=6oUa2CtcQfW&var=&widget_ver=artemis&media=TWâ€¦ #eBay via @eBay_UK #WorldCup #ArgentinaVsFrance #ARG #FRA #ARGFRA #FIFAWorldCup #FIFA #QatarWorldCup #QatarWorldCup2022 >>>  <<<,"['https://abs-0.twimg.com/emoji/v2/svg/1f3c6.svg', 'https://abs-0.twimg.com/emoji/v2/svg/1f3c6.svg']",2022-12-17T09:21:02.000Z,['36'],0,0,0,0
https://www.twitter.com/aumoh57/status/1604847591447040000," WARNING TIME  

World Cup Review 
 - Tonight
 -  PM

( possibly 7.30pm depending on work )

Co-hosts:

@aumoh57 
@HollieAgombar 

Guests: 

@ctsmclovinya

HIT NOTIFICATION 
 https://youtu.be/FnLstYJeu-0

RT'S appreciated 
#WorldCupFinal #ARGFRA","['https://abs-0.twimg.com/emoji/v2/svg/26a0.svg', 'https://abs-0.twimg.com/emoji/v2/svg/26a0.svg', 'https://abs-0.twimg.com/emoji/v2/svg/1f4dd.svg', 'https://abs-0.twimg.com/emoji/v2/svg/1f5d3.svg', 'https://abs-0.twimg.com/emoji/v2/svg/1f556.svg', 'https://abs-0.twimg.com/emoji/v2/svg/37-20e3.svg', 'https://abs-0.twimg.com/emoji/v2/svg/1f399.svg', 'https://abs-0.twimg.com/emoji/v2/svg/1f399.svg', 'https://abs-0.twimg.com/emoji/v2/svg/2b07.svg', 'https://abs-0.twimg.com/emoji/v2/svg/1f449-1f3fe.svg', 'https://abs-0.twimg.com/emoji/v2/svg/1f44a-1f3fe.svg']",2022-12-18T18:47:07.000Z,"['3,814', '7', '2', '11']",0,0,1,0
https://www.twitter.com/lgsimmen/status/1604544292495581186,Sometimes there should be two winners. #FIFAWorldCup,[],2022-12-18T18:29:04.000Z,"['415', '5']",0,0,1,0
https://www.twitter.com/mckeown_ryan/status/1604539959809040384,"The ultimate shithouse, was it ever in doubt heâ€™d play a major role when it came to penalties! 

Well done @emimartinezz1; I look forward to welcoming back to B6 a #FIFAWorldCup winner. 

#AVFC #ARG",['https://abs-0.twimg.com/emoji/v2/svg/1f4cd.svg'],2022-12-18T18:11:51.000Z,"['2,532', '2', '72']",0,0,1,0
https://www.twitter.com/SilverRay007/status/1604536549747863552,Messi has finally won the debate #FIFAWorldCup #ArgentinaVsFrance #Messið“ƒµ,[],2022-12-18T17:58:18.000Z,"['368', '2', '7']",0,0,1,0
https://www.twitter.com/deb_chap/status/1604531949439254528,"Tbf this world cup has turned out to be a cracker,  just wrong time of year #WorldCupFinal #WorldCup",[],2022-12-18T17:40:02.000Z,"['290', '5']",0,0,1,0
https://www.twitter.com/LUwaysi/status/1604931932877357061,"The real age of marriage our mother Aysha with our Prophet Mohammed s.a.w. SHE WAS NOT 8 YEARS OLD 
#islam #islamic #love #prophet #prophetmuhammad #saw #Martinez #quotes #mpabbe #deen #Messi #doua #WorldCupFinal #dimaria #marifatullah #journey #allah #beautiful #beauty #TheSun",[],2022-12-19T20:09:25.000Z,"['4,160', '35', '56']",0,0,1,0
https://www.twitter.com/stephenm68/status/1604522834893709318,Best #FIFAWorldCupFinal in living memory by a country mile. Bring on extra time! #ARGFRA,[],2022-12-18T17:03:49.000Z,"['823', '1', '8']",1,0,1,0
https://www.twitter.com/MarkoZoricNews/status/1604732578967199744,The moment it happened for Argentina and Messi .#ArgentinaVsFrance #WorldCupFinal #Messið“ƒµ,[],2022-12-18T20:40:09.000Z,"['536', '3']",0,0,1,0
https://www.twitter.com/david_samy24/status/1604536961980669955,Sums up that #WorldCupFinal. Unbelievable game.,[],2022-12-18T17:59:57.000Z,"['588', '8']",0,0,1,0
https://www.twitter.com/LloydW90/status/1603714082183462913,"@Ladbrokes #GetAPrice #ARGFRA Argentina to win, BTTS in both half, 2+ corners each team each half and 20+ booking points each team",[],2022-12-16T11:30:07.000Z,['93'],0,0,0,0
https://www.twitter.com/siobhanfreya/status/1604151540926844929,"Watching the #FIFAWorldCup and particularly this last match can we describe this competition the Hamstring Tournament?
Any reason I wonder?",[],2022-12-17T16:28:25.000Z,['41'],0,0,0,0
https://www.twitter.com/grahambrookland/status/1604870576417525760,I stand by #WorldCupFinal 2022 being greatest game ever but a fellow Aldershot fan reminded me of our 1987 Freight Rover Semi Final win at Swindon Town recovering from 2-0 deficit to win at the County Ground. He may have a point @DCrook70 ,['https://abs-0.twimg.com/emoji/v2/svg/1f600.svg'],2022-12-19T16:05:37.000Z,"['827', '11']",0,0,1,0
https://www.twitter.com/EmmaGroundGuide/status/1604044687836418049,"Nobody cares about the #FIFAWorldCup 3rd place play off do they?!

A lot of games will be off today including no game for #notts or #nffc  so why not go and support a local #nonleague team who play on 4G and will definitely be on!

Weâ€™ve decided to compile a list of choices below",[],2022-12-17T09:23:49.000Z,"['8,479', '3', '2', '28']",0,0,1,0
https://www.twitter.com/jamiesmith_80/status/1604155355222654977,Some really poor discipline in this #FIFAWorldCup towards referees. #Qatar2022,[],2022-12-17T16:43:35.000Z,['167'],0,0,0,0
https://www.twitter.com/aumoh57/status/1604548834620645376," WORLD CUP REVIEW 
 - MON  TH DEC

 -  PM

Co-hosts:

@aumoh57
@HollieAgombar

Guests: TBC 
 - What a final 
 - Tournament highlights 

 https://youtu.be/FnLstYJeu-0

RT'S appreciated 
#ARGFRA #FIFAWorldCupFinal","['https://abs-0.twimg.com/emoji/v2/svg/27a1.svg', 'https://abs-0.twimg.com/emoji/v2/svg/1f4dd.svg', 'https://abs-0.twimg.com/emoji/v2/svg/1f5d3.svg', 'https://abs-0.twimg.com/emoji/v2/svg/31-20e3.svg', 'https://abs-0.twimg.com/emoji/v2/svg/39-20e3.svg', 'https://abs-0.twimg.com/emoji/v2/svg/1f556.svg', 'https://abs-0.twimg.com/emoji/v2/svg/37-20e3.svg', 'https://abs-0.twimg.com/emoji/v2/svg/1f399.svg', 'https://abs-0.twimg.com/emoji/v2/svg/26bd.svg', 'https://abs-0.twimg.com/emoji/v2/svg/26bd.svg', 'https://abs-0.twimg.com/emoji/v2/svg/1f449-1f3fe.svg', 'https://abs-0.twimg.com/emoji/v2/svg/1f44a-1f3fe.svg']",2022-12-18T18:47:07.000Z,"['3,534', '8', '1', '10']",0,1,1,0
https://www.twitter.com/SuperSaf/status/1604548318616494081,"Scenes!!!

#ARGFRA #FIFAWorldCup",[],2022-12-18T18:45:04.000Z,"['78.5K', '98', '10', '1,500', '7']",0,0,1,0
https://www.twitter.com/flupton/status/1604758625309687808,#BuenosAires after the #WorldCupFinal - what a drone shot!!!,[],2022-12-19T00:27:40.000Z,"['751', '1', '5']",1,0,1,0
https://www.twitter.com/MuhammaddNawaz/status/1604576183890632704,"Messi taking a picture of his wife along with the kids 

Such a beautiful picture and moment 
#WorldCupFinal #WorldCup ","['https://abs-0.twimg.com/emoji/v2/svg/2764.svg', 'https://abs-0.twimg.com/emoji/v2/svg/2764.svg', 'https://abs-0.twimg.com/emoji/v2/svg/26bd.svg']",2022-12-18T20:35:48.000Z,"['6,507', '6', '3', '76', '2']",0,0,1,0
https://www.twitter.com/KingJayZim/status/1604536113036951552,Congratulations Argentina !Champions! #WorldCupFinal,[],2022-12-18T17:56:34.000Z,"['1,334', '2', '19']",0,0,1,0
https://www.twitter.com/Tweet_Dec/status/1604545435959541762,Those World Cup trophies are tackorama #FIFAWorldCup,[],2022-12-18T18:33:37.000Z,"['2,087', '10']",0,0,1,0
https://www.twitter.com/quentin_gesp/status/1604229223476264961,"Alexa, play We are the Champions by Queen, followed by Freed from desire by GALA, followed by Ramenez la coupe Ã  la maison by Vegedream, followed by I will survive by Gloria Gaynor  #FRA #ARGFRA #Qatar2022 #FIFAWorldCup",['https://abs-0.twimg.com/emoji/v2/svg/1f1eb-1f1f7.svg'],2022-12-17T14:14:46.000Z,"['356', '1']",0,0,0,0
https://www.twitter.com/Tweet_Dec/status/1604539979375468545,"The French President, and Emmanuel Macron #FIFAWorldCup",[],2022-12-18T18:11:56.000Z,"['63.6K', '51', '7', '405', '8']",0,0,1,0
https://www.twitter.com/FACT290/status/1604216236488925184,"Who are you rooting for the morra?
Argentina for me.
#WorldCupFinal",[],2022-12-17T20:45:30.000Z,"['3,376', '1', '2', '5']",1,0,1,0
https://www.twitter.com/AWComms/status/1604536717318529027,"What an amazing, amazing game! #WorldCup #WorldCupFinal",[],2022-12-18T17:58:58.000Z,"['275', '5']",0,0,1,0
https://www.twitter.com/FplMode/status/1604533047398998022,"Best World Cup final ever? 

#WorldCupFinal",[],2022-12-18T17:44:23.000Z,"['3,394', '1', '34']",0,1,1,0
https://www.twitter.com/HLangstaffJourn/status/1603691290268409856,It really feels like this Sunday will be France  supported by Brazil  vs Argentina  and the rest of the World . The narrative of Lionel Messi winning the #FIFAWorldCup and then retiring from international football would be the most memorable football match of all time.,"['https://abs-0.twimg.com/emoji/v2/svg/1f1eb-1f1f7.svg', 'https://abs-0.twimg.com/emoji/v2/svg/1f1e7-1f1f7.svg', 'https://abs-0.twimg.com/emoji/v2/svg/1f1e6-1f1f7.svg', 'https://abs-0.twimg.com/emoji/v2/svg/1f30e.svg']",2022-12-16T09:59:33.000Z,"['341', '5']",0,0,1,0
https://www.twitter.com/StuartBryan7/status/1604131449602314240,"That's a great, well worked free kick. What a header too.
1 - 0 Croatia. 
#CROMAR
#3rdPlace
#FIFAWorldCup",[],2022-12-17T15:08:35.000Z,"['224', '1']",0,1,0,0
https://www.twitter.com/mahdi/status/1603714394306781191,A request by Ukrainian President Volodymyr Zelensky to share a message of world peace at the #FIFAWorldCup final on Sunday has been rebuffed by FIFA.,[],2022-12-16T11:31:21.000Z,"['480', '2']",0,0,1,0
https://www.twitter.com/EscapismoMag/status/1604585914843406337,"Some of our favourite photos from this evening 
#WorldCup2022 #WorldCupFinal #Messið“ƒµ #argentina","['https://abs-0.twimg.com/emoji/v2/svg/1f1e6-1f1f7.svg', 'https://abs-0.twimg.com/emoji/v2/svg/1f1e6-1f1f7.svg', 'https://abs-0.twimg.com/emoji/v2/svg/1f1e6-1f1f7.svg']",2022-12-18T21:14:28.000Z,"['1,264', '3', '21', '1']",0,0,1,1
https://www.twitter.com/superpaddiepads/status/1604537567134760968,"Astonishing. Unbelievable. Breathtaking. A rollercoaster of emotions. A changing of the guard with the emergence of the next greatest but a fitting end to the career of the GOAT. The greatest final of all time & will probably always remain so.
#ArgentinaVsFrance
#WorldCupFinal",[],2022-12-18T18:02:21.000Z,"['1,407', '1', '10']",1,0,1,0
https://www.twitter.com/AlexDaviesJones/status/1604536101732945928,"Wow! 

Llongyfarchiadau Argentina (technically this is a Wales win right?!) 

Hard lines France  I know all too well the feeling of disappointment at the hands of Lloris  #WorldCupFinal","['https://abs-0.twimg.com/emoji/v2/svg/1f1e6-1f1f7.svg', 'https://abs-0.twimg.com/emoji/v2/svg/26bd.svg', 'https://abs-0.twimg.com/emoji/v2/svg/1f44f.svg', 'https://abs-0.twimg.com/emoji/v2/svg/1f602.svg']",2022-12-18T17:56:32.000Z,"['3,562', '1', '7']",0,1,1,0
https://www.twitter.com/CharlesHughesES/status/1604537814938525699,The greatest cup final of all time! #WorldCupFinal ,"['https://abs-0.twimg.com/emoji/v2/svg/1f1e6-1f1f7.svg', 'https://abs-0.twimg.com/emoji/v2/svg/1f1eb-1f1f7.svg']",2022-12-18T18:03:20.000Z,"['223', '6']",0,0,1,0
